{"cameraMode":{"drawMode":0,"name":"Shaded","section":"Shading Mode"},"sceneLighting":true,"audioPlay":false,"sceneViewState":{"showFog":true,"showMaterialUpdate":false,"showSkybox":true,"showFlares":true,"showImageEffects":true,"showParticleSystems":true},"in2DMode":false,"pivot":{"x":-1.200325846672058,"y":4.011684894561768,"z":-6.639894485473633},"rotation":{"x":0.06708446890115738,"y":0.04099341854453087,"z":0.0027664087247103454,"w":-0.9969257116317749},"size":1.1927242279052735,"orthographic":false}